ID,IOB Slot tags
1,O O B_movie
2,O O O O O B_movie I_movie
3,O O O O O O B_movie I_movie
4,O O O B_movie
5,O O O B_movie
6,O O B_movie
7,O O O O O B_movie
8,O O O O O B_movie I_movie
9,O O O O B_movie I_movie
10,O O O O B_movie I_movie
11,O O B_movie I_movie I_movie I_movie
12,O O O B_movie I_movie
13,O O B_movie I_movie O O
14,O O O O O O O O O B_movie I_movie
15,O O O O O O O O O O O O O O B_movie I_movie
16,O O O B_movie I_movie
17,O O B_movie I_movie
18,O O B_movie
19,O O O O O B_movie I_movie
20,B_movie I_movie O
21,O O O O O O B_movie I_movie
22,O O O B_movie
23,O O O O O O B_movie
24,O O O I_movie I_movie
25,O O O O
26,O O O O O O O
27,O O O
28,O O O B_movie
29,O O B_movie I_movie
30,O O O O O O O O B_movie
31,O O O O O O O O B_movie
32,O O O O O O B_movie
33,O O O O O O O B_movie I_movie
34,O O O O O O O O B_movie I_movie
35,O O O O O O O B_movie I_movie
36,O O B_movie I_movie
37,O O O O O B_movie I_movie
38,O O B_movie
39,O O O O O O B_movie I_movie
40,O O B_movie O O
41,O O O O O O O B_movie
42,O O B_movie I_movie I_movie
43,O O O O O O O O O B_movie
44,O O O O B_movie O O O B_movie
45,B_movie I_movie O
46,O O O B_movie O O
47,O O O O O O O O B_movie
48,O O O O O O B_movie O
49,O O O O O O O O O B_movie
50,O O O O O B_movie
51,O O O O O B_movie I_movie
52,O O O O O B_movie I_movie
53,O O O O O B_movie I_movie I_movie I_movie
54,O O O O B_movie I_movie I_movie I_movie I_movie
55,O O B_movie I_movie O O
56,O O O O O B_movie
57,O O O O B_cast I_cast O O O O O
58,O O B_movie I_movie O O O
59,O O O O O B_mpaa_rating
60,B_movie O O O O
61,O O O O B_cast I_cast O O
62,O O O O B_director I_director O
63,O O O O B_director I_director O
64,O O O O B_producer O
65,O O O O O O O O O O O O O O B_movie I_movie O
66,O O O B_movie
67,O O O B_movie I_movie
68,O O O B_movie I_movie O
69,O O O O O O
70,O O O B_movie I_movie I_movie O O
71,O O B_movie
72,O O B_movie I_movie
73,O O B_movie I_movie O O
74,O O O O O B_movie
75,O O B_person I_person O O
76,O O O B_movie O O O
77,O O O O O O O
78,B_movie O O
79,O O O O O O O
80,O O O B_movie O O
81,O O O O B_country O B_movie I_movie O O
82,O O O O O O O O B_movie I_movie
83,B_movie I_movie O O O
84,O O B_movie I_movie O
85,O O B_movie O
86,O O B_movie O
87,O O B_movie I_movie O
88,O O B_movie I_movie I_movie O
89,O O B_person I_director O O
90,O O B_movie I_movie O O O
91,O O B_movie I_movie O
92,O O O B_movie I_movie
93,O O B_movie I_movie O
94,O O O B_movie I_movie
95,O O B_movie I_movie O
96,O O B_movie O
97,O O B_movie O
98,O O O O O O O O O O O B_movie
99,O O O O O O O O B_movie O
100,O O O I_movie O
101,O O B_movie I_movie O O
102,O O B_movie O O
103,O O O B_movie I_movie I_movie O O O O B_subject
104,O O O O O O B_movie
105,O O O B_movie I_movie O O
106,O O B_movie O O
107,O O O O O O O O O O B_movie
108,O O O O O B_movie O O
109,O O O B_movie I_movie I_movie I_movie I_movie I_movie I_movie O O
110,O B_movie O B_movie I_movie O O
111,O O O B_movie I_movie O O
112,O O O O O O O B_movie I_movie I_movie
113,O O O O B_movie I_movie I_movie O O
114,O O B_movie I_movie I_movie I_movie
115,O O O O O B_movie I_movie
116,O O O O O B_movie I_movie
117,O O O O O B_movie I_movie I_movie
118,O O O O O O B_movie I_movie I_movie I_movie
119,O O O O O O O B_movie I_movie I_movie I_movie
120,O O B_movie
121,B_movie O
122,B_movie O O
123,O O O B_movie
124,O O O O O B_movie I_movie
125,O O B_movie
126,O O O O O B_movie I_movie I_movie I_movie
127,O O O O B_movie I_movie I_movie I_movie I_movie I_movie I_movie I_movie I_movie
128,O O O O O O O B_movie I_movie
129,O O B_movie
130,O O B_movie I_movie I_movie
131,O O O O O O B_movie I_movie
132,O O O B_movie I_movie
133,O O B_movie I_movie
134,B_movie I_movie O O O
135,O O B_movie I_movie
136,O O B_movie
137,O O O O O O O O O O O B_movie
138,O O O O B_movie I_movie
139,O O B_movie I_movie I_movie
140,O O O O O O B_movie
141,O O B_movie
142,B_movie O
143,O O B_movie
144,O O B_movie
145,O O O O O B_movie I_movie
146,O O O O O B_movie I_movie
147,O O O O O B_movie I_movie
148,O O O O B_movie I_movie
149,O O O O O B_movie I_movie
150,O O O O B_movie I_movie
151,O O B_movie I_movie
152,B_movie O
153,O O O O B_movie I_movie I_movie I_movie
154,O O B_movie I_movie I_movie I_movie
155,O O B_movie I_movie I_movie I_movie
156,O O O O O O O B_movie
157,O O B_movie O O
158,O O O O B_movie I_movie I_movie
159,O O O O O B_movie I_movie
160,O O B_movie I_movie O O
161,O O O B_movie
162,O O O O O B_movie
163,O O B_movie I_movie I_movie
164,O O O O O O O O O B_movie
165,O O O O O O B_movie O O
166,O O B_movie I_movie I_movie I_movie I_movie
167,O O O O O
168,O O O O B_movie
169,O O O O B_movie I_movie I_movie I_movie
170,O O O O O O B_movie I_movie O O
171,O O O B_movie I_movie O
172,O O B_movie
173,O O O O O O O B_movie
174,O O O O O O O O O O B_movie
175,O O B_movie I_movie
176,O O O O B_movie I_movie I_movie O O O
177,O O O O O B_movie I_movie
178,O O O O O O
179,O O O O O
180,O O O O O B_movie O
181,O O I_movie I_movie
182,O O B_movie I_movie
183,O O O B_movie O O
184,O O B_movie
185,O O O O O O O I_movie I_movie O O
186,O O O O B_language I_cast O O O O O O O O
187,O O O O O O O O O B_country O
188,O O O O O O O B_country O
189,B_producer I_producer O O O O O O O
190,O O O O O O O O O B_producer I_producer
191,O B_movie I_movie I_movie
192,O O O O B_movie I_movie I_movie
193,O B_genre O
194,O O O
195,O B_movie O O O B_language
196,O O B_char O O O B_movie I_movie
197,O B_cast I_cast O O O B_movie I_movie
198,O O O B_subject
199,O O O O B_subject
200,O B_person I_person O
201,B_person I_person O
202,O O O B_cast I_cast O O
203,O B_country O
204,O O O O B_movie I_movie O O O O O O O O O
205,B_country
206,O O O B_movie I_movie
207,B_person I_person O O
208,O O O O B_director I_director O
209,O O O O
210,O O B_producer I_director O O B_language
211,O O O O O B_movie I_movie O
212,B_movie I_movie O
213,O O O B_movie I_movie
214,O O O O O O O O B_movie I_movie
215,O O O O O O B_movie I_movie
216,O O B_director I_director O
217,O O O O O O O B_director I_director
218,O B_person I_person O
219,O O O O B_cast I_cast O O O
220,O O O O B_director I_director O
221,O O O B_producer I_producer O
222,O O B_person I_person O O
223,O O O O O O B_cast I_cast O O
224,O O O O B_cast I_cast O
225,B_director I_director O O O
226,O O O O O B_director I_director
227,O O O
228,O O O O
229,O O O
230,O O O O O O B_mpaa_rating
231,O O
232,O O O O O B_language O O
233,O O O O O O B_country
234,O O O O O O O B_country I_country
235,O B_language O
236,O B_language O
237,B_genre
238,O O B_genre
239,O B_genre O
240,O B_genre O
241,O O B_genre O
242,O O O O O O O B_genre O
243,O O B_director I_director O
244,O O O B_cast I_cast O O
245,O O O B_cast I_cast
246,O O O O O B_country
247,O O O O B_country O
248,O B_country O
249,O O O O B_country O
250,O O O O O B_country O
251,O O B_genre I_person O O
252,O O O O O O O B_country
253,O O O B_country
254,B_country O O
255,O O O O B_language O
256,B_language O O
257,B_language O
258,O O O O
259,O O O
260,O O B_genre O
261,O O O O O O O B_language
262,B_person I_person O
263,O O O B_cast I_cast O O
264,B_country O
265,B_country O O
266,O B_person I_person O
267,O O O B_director I_director O
268,O O O B_language
269,O O O O B_country
270,O O O B_genre I_char O
271,O O O O O B_mpaa_rating O B_genre
272,O O B_language I_language I_language
273,O O B_movie I_movie O O B_cast I_cast
274,O O O O O O O B_movie I_movie
275,O O O B_movie I_movie
276,O O O O O O B_person I_person O
277,O O O O B_cast I_cast
278,O O O O B_person I_person O O
279,O O O B_producer I_producer O
280,O O O O B_country
281,O O O B_cast I_cast O O
282,B_movie I_movie O
283,B_movie I_movie
284,O O O O O B_movie I_movie
285,O B_movie I_movie
286,O O B_country
287,O O O B_country
288,O B_country O
289,O O B_country O
290,O O O O O O B_country O
291,O O O O O B_country O
292,B_country O
293,O O B_language I_language O
294,O O O O O B_language
295,B_producer O O
296,O O O B_producer
297,O B_person I_person O
298,O B_person I_person O
299,O O O B_subject
300,O O B_cast I_subject
301,B_person I_person O
302,B_movie O
303,O O O B_producer I_producer O
304,O O O O O B_producer
305,O O O O B_producer
306,O O O B_producer I_producer
307,O O O O B_country
308,O O O O O B_producer I_producer
309,O B_movie I_movie B_genre
310,O O O O O B_director I_director O O
311,O O O B_country
312,O O O B_country
313,O O O O O O O O B_country
314,O O O O B_country
315,B_country O
316,O O O B_country O
317,O O B_country O
318,O O O O B_mpaa_rating O
319,O O O O O O B_mpaa_rating
320,O O O B_mpaa_rating O O O O O O B_mpaa_rating
321,O O B_mpaa_rating O O
322,O B_mpaa_rating O
323,O B_mpaa_rating O
324,O O O B_mpaa_rating O
325,O O B_mpaa_rating O O
326,O O O O O B_mpaa_rating O O O O O O O
327,O B_mpaa_rating O O B_genre O
328,O B_mpaa_rating O O
329,O O O O O B_mpaa_rating O
330,O O O O O O B_mpaa_rating
331,O O O B_mpaa_rating
332,O O O O B_mpaa_rating O
333,O B_director I_director O O O B_genre
334,B_producer I_producer O O O
335,O O O O O O O B_director I_director
336,O O O O B_producer
337,O O B_genre O O
338,O O O B_country
339,O O O O O B_country
340,O O O B_director I_director O O
341,O O O O O O O O B_director I_director
342,O B_director I_director O O O O O I_cast O O
343,O O O O B_director I_director
344,O O O O O O B_director I_director
345,O O O O O O O B_director I_director
346,O O O B_director I_director O
347,O O O O B_director I_director
348,O O O O B_director I_director
349,O O O O O O O O O O O O O B_producer
350,O O O O O O O O O B_producer I_producer
351,O O B_country B_genre O
352,O O O O O O B_director I_director O
353,O O B_director I_director
354,O O B_director I_director
355,O O O B_director I_director O
356,O B_director I_director O
357,B_director I_director O
358,B_director I_director O O
359,O O B_director I_director
360,O O B_director I_director O
361,O O O B_director I_director
362,O O O O O O O O O B_director I_director
363,B_movie I_movie
364,O B_movie I_movie I_movie I_movie I_movie
365,O O O O O O B_cast I_cast
366,O O O B_cast I_cast
367,O O O O B_country
368,O O O O O O O O O B_country
369,O O O O O O O O B_country
370,B_country O O
371,B_country O
372,O O O O
373,O O B_producer
374,O O O O
375,O O O O B_producer
376,O O B_director I_person O O O
377,O O O O O B_director I_director
378,B_person I_person O
379,O O O O B_cast I_cast
380,O O O O O O O O O O B_cast I_cast
381,O O O O B_director I_director O
382,O O O O O O O O B_producer I_producer
383,O O O O O O O O B_producer I_producer
384,O O O B_producer I_producer
385,O O B_person I_person O
386,O O O B_director I_director O O
387,O O O O B_director I_director O
388,O O O O O O O O O O B_director I_director
389,O O O O O O O O O O B_director I_director
390,B_director I_director O O
391,O O O B_producer I_producer
392,O O O O O O B_producer I_producer
393,O O O O B_producer I_producer
394,O O O O O O B_producer I_producer
395,O O O O B_producer
396,O O O O B_movie I_movie
397,O O O O B_movie I_movie
398,O O B_movie I_movie
399,B_movie I_movie O
400,O B_movie I_movie
401,O O O O B_movie I_movie
402,B_movie I_movie O
403,O O O B_person I_movie
404,O B_movie I_movie
405,O B_cast I_cast O O O O B_cast I_cast
406,O O B_person I_person O
407,O O O B_cast I_cast O O
408,B_producer O
409,O B_producer O
410,O O O O O B_producer
411,O O O O B_director I_director
412,O B_director I_director O
413,O O O B_director I_director O
414,O O O O O O O B_country I_country
415,O O B_genre O
416,O B_producer I_producer O
417,B_country O
418,O O O O B_cast I_cast O O
419,O O O O O O B_cast I_cast O
420,O B_movie I_person O O
421,O O O O O B_genre O O B_country
422,O I_cast O O O O
423,O O O O O O O O B_director I_director
424,O B_director I_director O
425,O O O B_director I_director O
426,O O O B_director I_director O
427,O O O B_director I_director O
428,O O O O O O O O O O B_producer I_producer
429,O O O B_cast I_cast O O
430,O O O O B_cast I_cast O O O
431,O O O O O B_cast I_cast
432,O O B_mpaa_rating O O
433,O O B_mpaa_rating O O
434,O O O O O B_mpaa_rating O O
435,O O B_mpaa_rating O O
436,O O O B_mpaa_rating O O
437,O O O O O O O O B_mpaa_rating O
438,O O O O O O O O B_mpaa_rating
439,O O O O O O B_mpaa_rating O
440,O O O O B_mpaa_rating
441,O O O O O B_mpaa_rating O
442,O O O O O O O O O O B_mpaa_rating
443,O O O O O O B_country
444,O O O O O O B_language O O
445,O O O O O B_country
446,O O O O B_movie I_movie
447,O O O B_subject O O
448,O O O O B_subject
449,O O O O B_subject
450,O O O O B_director I_director
451,O B_person I_person O O
452,O B_person I_person O
453,O O O O O O O B_director I_director
454,O B_country O
455,B_country O
456,O B_genre O
457,O O B_genre O
458,O B_subject O
459,O O B_director I_director O
460,O O O O B_director I_director
461,O O
462,O O O O O B_producer I_producer
463,O O O O O O B_producer I_producer
464,O O O O O B_producer I_producer
465,O O O O B_producer I_producer
466,O O O O O B_producer I_producer
467,O O O B_cast I_cast O O
468,O O O O O O O O O O O
469,O O O O O O O B_country
470,O O B_movie I_movie I_movie O
471,O O O O B_movie I_movie I_movie I_movie O
472,O O O O B_movie I_movie I_movie I_movie O
473,B_movie I_movie I_movie I_movie
474,O O B_movie I_movie I_movie O O
475,O B_movie I_movie I_movie
476,O O O O O O O B_movie I_movie I_movie
477,O O O B_movie I_movie O
478,O O O B_movie I_movie O
479,O O O B_movie I_movie O
480,O O O B_movie I_movie O
481,O O O O B_movie I_movie
482,O O O O O O B_movie I_movie
483,O B_movie I_movie I_movie
484,O O O O O O B_movie O B_language
485,O B_director I_director O
486,O O O O O O O B_cast I_cast
487,B_person I_person O
488,O O O B_director I_director O
489,O O O O O O O O B_producer I_producer
490,O O O O B_subject
491,O O B_person I_person O
492,O O O
493,O O O
494,O O O B_genre O O B_producer I_producer
495,O O O O B_subject I_cast O O
496,O B_movie O O O B_country
497,O O O O B_movie I_movie I_movie I_movie I_movie I_movie I_movie
498,O O O O I_movie I_movie I_movie I_movie I_movie I_movie O
499,O O O O O O O B_movie I_movie I_movie I_movie I_movie I_movie I_movie O O
500,O O O O O O O O O O B_movie I_movie I_movie I_movie I_movie I_movie I_movie
501,O O O O O O B_movie I_movie I_movie I_movie I_movie I_movie I_movie
502,O O B_language
503,O O O O O O O B_language
504,O O O O O O B_producer I_producer
505,B_person I_person O O
506,O O B_person I_person O O
507,O O O B_cast I_cast
508,O O O B_cast I_cast O O
509,O O O O
510,O O O
511,O O O O B_director I_director
512,O O O O B_movie I_movie O
513,O O O B_movie I_movie
514,O O O O O O B_movie I_movie O
515,O O O O O O O O O O B_movie I_movie
516,O O B_mpaa_rating O
517,B_mpaa_rating O O
518,O O O O B_mpaa_rating O O
519,O O O O O B_mpaa_rating O
520,O O O O O O O B_mpaa_rating O O O O
521,O O O O O B_mpaa_rating O O
522,O O O O B_mpaa_rating O
523,O O O B_mpaa_rating
524,O O B_director I_director
525,O O O B_director I_director O
526,O B_subject O
527,O O O O O O O O B_cast I_cast
528,O O O O O O O O B_mpaa_rating
529,O O O O O O O O B_mpaa_rating
530,B_producer I_producer O O O O
531,O O B_person O O O
532,O O O O O B_director I_director
533,O O O O O O O O O
534,O O O B_cast I_cast O O B_language
535,O O B_movie O
536,O O B_movie I_movie
537,O B_movie I_movie I_movie
538,O O O O B_producer
539,B_producer O
540,O O O B_producer O
541,O O B_person I_person
542,O O O B_person I_person
543,O O O O O O O B_person I_person
544,O O O O O O B_person I_person
545,B_person I_person O
546,O B_person I_person O
547,O O O O O O B_person I_person
548,O O O O B_person I_person
549,O O B_person I_person O O
550,O O O B_person I_person
551,O B_cast I_cast O O O O
552,O O O O O O B_person I_person
553,B_movie I_movie O
554,O O O O B_person O O O
555,B_person I_person O
556,O B_person I_person
557,O O O O O B_person I_person
558,O O B_person I_person
559,O O B_director I_director
560,O O O O O B_person I_person O O
561,O O B_director
562,O O O O O O O B_movie
563,O B_movie
564,O O B_movie
565,O O O B_movie
566,O O O B_movie
567,O O O O O O B_movie
568,O O B_movie
569,O O O O O B_movie
570,O O O B_movie
571,O O O O B_movie I_movie
572,O O B_movie
573,O O O O O O O B_movie
574,O O B_movie
575,O O B_movie
576,B_movie O
577,O O O O O O O O O B_movie
578,O O O O B_movie
579,O O O O O O O B_movie
580,O O B_movie O O
581,O O B_movie
582,O O O O B_movie I_movie I_movie I_movie I_movie
583,O O B_movie I_movie
584,O O O O O B_movie I_movie
585,B_movie I_movie O O O
586,O O O O B_movie
587,O O B_movie I_movie
588,O O B_movie I_movie I_movie
589,O O B_movie I_movie
590,O O O O O O O O B_movie
591,O O O O O B_movie
592,O O O B_movie I_movie I_movie
593,O O B_movie
594,O O O O O O O O B_movie
595,O O O O O O O O B_movie
596,O O O O B_movie O O B_char
597,O O B_movie I_movie
598,O O O O B_movie I_movie
599,O O O O O B_movie I_movie
600,O O O O O B_movie I_movie
601,O O O O
602,O O O O B_movie I_movie O
603,O O B_movie I_movie
604,O O O O O B_movie I_movie
605,O O O B_movie I_movie O
606,O O O O O O B_movie I_movie
607,O O O B_movie I_movie O
608,O O B_movie I_movie
609,O O O B_movie I_movie I_movie O O O
610,O O O O B_movie I_movie
611,O O B_movie I_movie
612,O O O O B_person I_person O O
613,O O O O O B_movie O B_movie I_movie
614,O O B_char I_char O B_movie I_movie
615,O O O B_movie I_movie I_movie I_movie I_movie I_movie I_movie
616,O O O O O O B_movie I_movie I_movie I_movie I_movie I_movie I_movie
617,O O O O B_movie I_movie I_movie I_movie I_movie I_movie I_movie
618,B_movie O O O B_subject O
619,O O O B_char O O B_person I_person
620,O O O O O O B_movie I_movie I_movie I_movie I_movie I_movie I_movie
621,O O B_char O B_movie
622,O O B_char O B_movie I_movie I_movie
623,O O O O O O O B_movie I_movie
624,O O O O O B_movie I_movie I_movie I_movie
625,O O O O O O O O B_movie I_movie
626,O O O O O B_movie I_movie I_movie I_movie
627,O O O O B_movie I_movie O O B_char O B_movie O B_movie I_movie
628,O O O O O B_movie I_movie O O B_char O B_movie I_movie I_movie
629,O O O O O O O O O B_char O B_movie I_movie O I_movie I_movie I_movie I_movie
630,O O O O O B_movie I_movie I_movie O B_movie
631,O O O O O I_movie O B_person
632,O O O O B_movie I_movie I_movie
633,O O O O O O O O O B_char I_char O B_movie I_movie I_movie I_movie
634,O O O O O O O O O O O O O I_movie O I_movie I_movie I_movie I_movie
635,O O O O O O B_movie I_movie I_movie
636,O O O O O B_movie
637,O O O O O B_movie
638,O O O O O B_movie I_movie
639,O O O O O B_movie I_movie
640,O O O O O O B_person I_movie O
641,O O O O O O O O B_producer I_director O
642,O O O O O O O B_movie
643,O O O O O O O B_movie
644,O O O O O O O B_movie
645,O O O B_movie I_movie I_movie I_movie O
646,O O O O O O B_movie
647,O O O O O I_movie O
648,O O O O O B_movie I_movie I_movie
649,O O O O O O O B_movie I_movie I_movie
650,O O O O O B_movie I_movie
651,O O O O O B_movie I_movie O B_movie
652,B_country
653,O O O B_movie
654,O O B_movie I_movie I_movie
655,O O O B_movie I_movie O
656,O O O O O B_movie O
657,O O O B_movie I_movie
658,O O O O O B_movie I_movie I_movie I_movie O O
659,O O O B_movie I_movie I_movie O O
660,O O O O B_movie O
661,O O O O O O O B_movie
662,O O O B_movie I_movie I_movie I_movie O
663,O O O O O I_movie I_movie I_movie I_movie
664,O O O O O O B_movie I_movie O B_movie O
665,O O O O O O B_movie I_movie I_movie
666,O O O O B_movie I_movie I_movie O
667,O O O O B_movie I_movie I_movie I_movie O O
668,O O O I_movie I_movie I_movie I_movie O O
669,B_movie I_movie I_movie O O
670,O O B_movie O O
671,O O B_movie O O
672,O O B_movie I_movie I_movie I_movie O
673,O O B_movie I_movie I_movie I_movie I_movie O O
674,O O B_movie
675,O O O O B_movie I_movie
676,O O B_movie I_movie I_movie I_movie
677,O O O O O B_movie I_movie
678,O O O O O I_movie I_movie I_movie
679,O B_char O O B_country I_country
680,O O O B_movie O O
681,O O O B_movie I_movie I_movie O
682,O O B_movie I_movie O O O
683,O O O B_movie I_movie I_movie O
684,O O O O O O O O O B_mpaa_rating I_mpaa_rating O
685,O O B_genre O O B_person I_person
686,O O O O O O B_producer
687,O O O O O B_country
688,O O B_genre
689,O B_genre I_genre
690,B_country
691,O O B_genre
692,O B_person O
693,O O O B_director I_director O
694,O O O O O O B_director I_director
695,O O O B_director I_director
696,B_movie O O
697,O O O O B_person O
698,O O B_producer O O B_subject I_country
699,O O O O O B_country O O
700,O B_genre O O B_language
701,O O O O O O B_country
702,O O O B_country O B_country
703,O O O O O B_cast I_cast O
704,O O O O B_cast I_cast O
705,O O O O B_cast I_cast O
706,O O O B_director I_director O
707,O O B_producer I_director
708,O B_director I_director O O O
709,O O O B_director I_director O
710,O O B_director I_director O O O
711,O O O O O B_director I_director
712,B_person I_person O O O O
713,O O O O O O B_director I_director
714,B_director I_director O O O
715,O B_genre O O B_cast I_cast
716,O O B_producer O O B_person I_person
717,O B_mpaa_rating I_mpaa_rating O
718,B_country O
719,O O B_genre O
720,O O O O O B_country
721,O O O O O B_country
722,O O O O O O B_location
723,O O O B_person I_person
724,O O B_subject O
725,O O O O B_language
726,O O O O O O B_language
727,O O O O O O O O O O O B_language
728,O O O B_language
729,O O O O O O B_language
730,O O O B_language
731,O O O O O O O O B_language
732,O O B_language
733,O O O O O O O B_language I_cast
734,O O O O B_language
735,O O O B_language I_country O
736,O O O O O O O O B_language
737,O O O B_country
738,O O O O B_language
739,O O O O O B_language I_language
740,O O B_language
741,O O O O O O B_language
742,O O O O O O O O B_language
743,O O O B_language
744,O O O O O O O O O B_producer I_producer
745,O O O B_director I_director O
746,O B_producer I_producer O O
747,O O O O O O B_producer I_producer I_producer
748,O O O O O B_producer I_producer
749,B_producer O O O O O O O O O B_producer O O B_producer I_producer O B_producer I_producer I_producer I_producer O B_producer
750,B_producer I_producer I_producer O B_release_year
751,O O B_mpaa_rating B_mpaa_rating I_mpaa_rating O O
752,O O O O O O O
753,O O O O O B_genre O
754,O O O O O B_mpaa_rating I_mpaa_rating O O
755,O O O O O B_mpaa_rating I_mpaa_rating O
756,O O O O O O B_mpaa_rating O O O O O O O O O I_cast
757,O O O O B_mpaa_rating O O B_producer
758,O O O O O O
759,O O O B_country O B_location I_country
760,O O O O O O B_cast I_cast
761,O O O B_cast I_cast O O B_producer
762,O O O O O B_producer I_producer
763,O O O O O B_cast I_cast
764,O O O O O O O B_cast I_cast
765,O O O O B_cast I_cast O
766,O O O O O B_cast I_cast O O O O O
767,O O O O O B_cast I_cast O O O B_country O O
768,O O B_movie I_movie O O B_cast I_cast
769,O O B_cast I_cast
770,O O B_cast I_cast O O O O O B_country
771,O O B_subject
772,O O O O B_subject
773,B_subject O
774,O O O O B_subject
775,O O O O O B_subject
776,O O O O O O B_producer
777,O O O O O O O B_subject
778,O O O B_subject
779,O O O O B_subject
780,O O O O O B_subject I_subject
781,O O O O B_subject I_subject
782,O O O O B_subject I_movie I_movie O B_producer
783,O O O O O O O O O O B_release_year I_subject
784,O O O O O O O O B_release_year I_subject
785,O O O O B_subject
786,O O O O O O B_movie O
787,O O O B_subject I_subject O O O O
788,O O O O B_subject I_subject
789,B_country O O
790,O O O O B_location O B_subject O O
791,O O O O O B_movie I_movie I_movie
792,O O O O O O O B_subject
793,O O O O O O O B_subject
794,O O O O B_subject
795,O O O B_subject I_subject I_subject
796,O O O B_subject I_subject O
797,O O B_subject O
798,O O B_country O B_language
799,O B_movie O B_mpaa_rating
800,O O O O B_country O O B_movie
801,O B_movie O B_language
802,O B_movie O O O B_country
803,B_movie I_movie I_movie I_movie B_director I_director
804,O O O B_movie I_movie I_movie
805,O O O B_movie I_movie I_movie
806,O O O O O O O O O B_movie I_movie I_movie
807,O O O O O O O O O B_movie I_movie I_movie
808,O O O O O O B_movie I_movie I_movie
809,O O O O O O B_movie I_movie I_movie O
810,O O O O O O B_movie I_movie I_movie
811,O B_char O O O O O B_movie I_movie
812,B_language I_cast O B_language
813,O O O O B_movie I_movie O O
814,O O O O O O B_movie I_movie I_movie I_movie I_movie I_movie
815,O B_director I_director O O O
816,O O O B_movie I_movie I_movie I_movie O O I_producer
817,O O O O O O O B_person O
818,B_language O O O B_cast
819,B_country O O B_person I_person
820,O O B_language O O B_producer
821,O O O B_producer
822,B_producer O O
823,O O O O O O O O O O B_person I_person
824,O O O O O O B_person I_person
825,O O O O B_person I_person
826,O O O O O O O B_person I_person
827,O O O O B_movie I_movie
828,B_movie O O O O
829,O O O O B_movie I_movie
830,O O O O O O B_movie I_movie
831,O O B_movie I_movie
832,O O
833,O O O B_movie I_movie I_movie O
834,O O O O B_movie
835,O O O O O B_movie I_movie
836,O O O O O B_movie I_movie I_movie I_movie I_movie I_movie I_movie O
837,O O B_movie I_movie I_movie
838,O O O O O B_movie I_movie O
839,O O O O O O B_movie I_movie
840,B_person O O
841,O O O O B_movie
842,O B_movie
843,O O O B_movie O O B_movie
844,O O O B_movie O
845,O O O B_movie O
846,O O O O B_movie O I_movie O O
847,O O O O O O B_movie O I_movie I_movie O
848,O O O B_movie O I_movie I_producer O O O O O O I_producer I_producer
849,O O O O B_movie O
850,O O O O O O O O B_movie O
851,O O O O O B_movie
852,O O O O O O O B_movie I_movie O I_movie I_movie O
853,O O O O O O O O O O O O O B_movie I_movie
854,O O O O O O B_movie I_movie
855,O O O O O B_movie I_movie O
856,O O O O B_movie I_movie O
857,O O O O O B_movie I_movie
858,O O B_movie I_movie I_movie O
859,O O O O O O B_genre
860,O O O O O B_movie I_movie
861,O O O O O O B_movie
862,O B_movie I_movie I_movie O B_movie I_movie
863,O O O B_movie I_movie
864,O O O O O
865,O O O B_movie I_movie
866,O O B_person I_person O
867,O O B_movie I_movie O
868,O O B_movie I_movie O
869,O O O O O O O O O B_movie I_movie
870,O O O
871,O O O O B_movie O O O B_movie I_movie I_movie O I_movie O
872,O O
873,O O O O B_subject
874,O O O B_genre O O
875,O O
876,O O O O I_movie I_movie I_movie O
877,O O B_genre O O
878,O O B_movie I_movie I_movie I_movie
879,O O O
880,O O
881,O O O O O O O O O O O B_genre O
882,O B_movie O
883,O B_movie O
884,O O O O O O B_movie I_movie I_movie I_movie I_movie
885,O O O O B_producer I_producer I_producer I_producer I_producer
886,O O O O O O B_movie O
887,O O O O O O B_movie I_movie O
888,O O O O O O B_movie I_movie
889,O O O B_director I_director O O O O O O O O O
890,O O B_person O O B_movie O
891,O O O O B_person I_person O O O
892,O O O O O O I_director O
893,O O O O O O B_director
894,O O O O O O O O B_movie I_movie I_movie I_movie I_movie I_movie
895,O O O O O O O O O
896,O O O O B_producer O O
897,O O O O O O B_country I_country O
898,O O O O O B_producer I_producer
899,O O O O O O B_cast O B_cast I_cast
900,O O O O O B_producer I_producer I_producer I_producer
901,O O O O O B_country I_country
902,O O O O O O B_subject I_subject O O O O O O O O
903,O O B_producer O
904,O B_producer O O O B_producer I_producer
905,O O O O B_producer I_producer I_producer I_producer O B_release_year I_producer
906,O O B_country O O O O O O O B_movie I_movie I_movie
907,O B_country O O O O O O O B_country I_country
908,O O O O B_location
909,O O O O O O B_country
910,O O O O O O O O B_country I_country
911,O O O O O O B_country
912,O O O O O B_country O O O B_subject
913,O O O O O O O B_country
914,O O O O O O B_country
915,O O O O O B_subject O
916,O O O O B_subject O O O O
917,O O B_genre O
918,O O O B_mpaa_rating O
919,O O B_person I_person O O
920,O O O B_genre
921,O O O O O O B_language
922,O O O O B_language
923,O O O B_language O O O
924,O O O O O B_country
925,O O B_movie I_movie I_movie I_movie O
926,O O B_person I_person I_person O
927,O O O O B_subject I_subject O O O
928,O O O O B_person I_person I_person O O O O B_release_year I_release_year
929,O O O B_country O
930,O O O O O O O B_movie I_movie O O B_country O B_char I_char
931,O O O B_producer O O O
932,O O O O B_director I_director
933,O O B_director I_person
934,O O O O O O B_person I_person
935,O O O O B_director I_director
936,O O O O O
937,O O O O O O
938,O O O O O O O O O O B_movie
939,O O O O O B_movie
940,O O B_movie I_movie O
941,O O O O O O O B_movie
942,O O O O O O O O B_movie O
943,O O O O B_producer I_producer O
944,O O O B_movie I_movie I_movie O
945,O O O O O B_movie I_movie I_movie I_movie
946,O O O B_movie I_movie O
947,O O B_movie I_movie I_movie I_movie I_movie
948,O O O B_movie I_movie
949,O O O O O O O B_movie I_movie
950,O O O B_movie I_movie O O
951,O O O O O O O B_movie I_movie
952,O O O O O B_movie I_movie
953,O O O O O O O B_movie I_movie
954,O O B_movie I_movie I_movie
955,O O O O O B_movie I_movie
956,O O O B_movie I_movie O O
957,O O O O B_movie I_movie
958,O O O O B_movie I_movie I_movie
959,O O O O O O O
960,O O B_movie I_movie
961,O O O B_movie I_movie
962,O O O O B_movie I_movie
963,O O O O O O O B_movie I_movie
964,O O B_movie I_movie
965,O O B_movie I_movie
966,O O B_movie I_movie
967,O O O
968,O O B_movie I_movie
969,O O O O O O B_movie I_movie I_movie I_movie
970,O O O B_movie I_movie I_movie
971,O O O O B_movie I_movie I_movie I_movie I_movie I_movie I_movie
972,O O B_movie I_movie I_movie
973,O O B_movie I_movie I_movie
974,B_movie I_movie O O
975,O O O O O B_movie I_movie I_movie I_movie I_movie I_movie I_movie
976,B_movie I_movie I_movie O
977,O O B_movie I_movie I_movie I_movie I_movie
978,O B_movie I_movie O O B_cast
979,O O O O O B_producer I_producer I_producer O
980,O O B_director I_director O O O O B_language I_country O
981,O O B_director O O O O B_country
